,velocity,flow,congestion,fuel_consumption
0,1.160012865284454,58.0006432642227,709.0,inf
1,1.157963975961279,57.89819879806395,420.0,inf
2,1.1585609305473885,57.92804652736943,,inf
3,1.152998718931898,57.649935946594894,392.0,inf
4,1.159400073905383,57.97000369526914,847.0,inf
