,velocity,flow,congestion,fuel_consumption
0,0.8127791333206906,40.63895666603453,12.0,inf
1,0.8134384970389377,40.67192485194688,11.0,inf
2,0.808785386514039,40.43926932570195,11.0,inf
3,0.8083641501162526,40.41820750581263,11.0,inf
4,0.8111914804282726,40.55957402141363,11.0,inf
