,velocity,flow,congestion,fuel_consumption
0,0.8968662681823881,44.84331340911941,15.0,inf
1,0.9000278063090413,45.00139031545206,13.0,inf
2,0.8963551998123083,44.817759990615414,11.0,inf
3,0.892657753284287,44.63288766421435,18.0,inf
4,0.9011493037309635,45.057465186548164,16.0,inf
