,velocity,flow,congestion,fuel_consumption
0,0.7506801938988477,37.534009694942384,11.0,inf
1,0.7466740723151187,37.33370361575594,11.0,inf
2,0.7485028022053196,37.42514011026598,11.0,inf
3,0.7469701746178337,37.34850873089169,11.0,inf
4,0.7516807111363318,37.58403555681659,11.0,inf
