,velocity,flow,congestion,fuel_consumption
0,1.0092804997553562,50.46402498776781,40.0,inf
1,1.0117953893745062,50.5897694687253,67.0,inf
2,1.0085783050607031,50.42891525303516,40.0,inf
3,1.012691783140433,50.63458915702165,29.0,inf
4,1.011998624282548,50.5999312141274,33.0,inf
