,eps,time,congestion_time,avg_velocity
0,0.5,1000,,1.1595560747479565
1,0.75,1000,,0.8991498148950562
2,1.0,1000,67.91,0.7486142005082839
