,eps,time,congestion_time,avg_velocity
0,0.5,10000,,1.1594931941561304
1,0.75,10000,,0.8994708208812533
2,1.0,10000,,0.7490359293631629
